{
 "HashAlgorithm": "SHA256",
 "imageinfo": [
  {
   "addr": 16384,
   "file": "ap_bootloader.bin",
   "flashsize": 32768,
   "hash": "D45323A62CE165F949CF9AA27B333C6225C95596F9F97F236CD50124BDF320D9",
   "type": "BL"
  },
  {
   "addr": 147456,
   "file": "ap_at_command.bin",
   "flashsize": 1949696,
   "hash": "0EBAB83FC8B61C53C2DE43E6D9BFFD28F019F7A2C6D2FB03B1B07FAC864EC692",
   "type": "AP"
  },
  {
   "addr": 0,
   "file": "cp-demo-flash.bin",
   "flashsize": 524288,
   "hash": "82292D1C80C629B66ADFA3E03FE7D3FAA17549B29D26555B8090E3D758F29AAA",
   "type": "CP"
  }
 ],
 "imagepath": "C:\\Users\\dustin.wei\\Desktop\\EC800ECNLCR02A01M04_OCPU_QPY_BETA0407\\EC800ECNLCR02A01M04_OCPU_QPY_BETA0407\\pkg_extract_tmp\\",
 "ExtractSyncRec": {
  "LastSyncTime": 1681288475,
  "LastSyncStat": 1,
  "PackagePath": "C:\\Users\\dustin.wei\\Desktop\\EC800ECNLCR02A01M04_OCPU_QPY_BETA0407\\EC800ECNLCR02A01M04_OCPU_QPY_BETA0407\\at_command.binpkg",
  "PackageExtDir": "C:\\Users\\dustin.wei\\Desktop\\EC800ECNLCR02A01M04_OCPU_QPY_BETA0407\\EC800ECNLCR02A01M04_OCPU_QPY_BETA0407\\pkg_extract_tmp",
  "PackageModTime": 1680830740,
  "PackageSize": 2160984,
  "PackageHash": "f982650b08c6b51f7e06d6de665e24df4a33655f4681040371b7c5756a680f34"
 }
}